{
  "project_info": {
    "project_number": "822285249022",
    "firebase_url": "https://hydee-22a15.firebaseio.com",
    "project_id": "hydee-22a15",
    "storage_bucket": "hydee-22a15.appspot.com"
  },
  "client": [
    {
      "client_info": {
        "mobilesdk_app_id": "1:822285249022:android:d6628601ecee514edb78af",
        "android_client_info": {
          "package_name": "com.example.hydee"
        }
      },
      "oauth_client": [
        {
          "client_id": "822285249022-9j7053oscvilhlt99nuin1ea65kmu44b.apps.googleusercontent.com",
          "client_type": 3
        }
      ],
      "api_key": [
        {
          "current_key": "AIzaSyAfxHa-oxeIrnVbZwp8i2VvHpAy-YuBOs0"
        }
      ],
      "services": {
        "appinvite_service": {
          "other_platform_oauth_client": [
            {
              "client_id": "822285249022-9j7053oscvilhlt99nuin1ea65kmu44b.apps.googleusercontent.com",
              "client_type": 3
            }
          ]
        }
      }
    }
  ],
  "configuration_version": "1"
}